﻿Rank,Trend,Title,Year,Genres,Total votes,Average rating
408,574,Soul,2020,"Animation, Comedy, Adventure","347,003",8.0
"1,255",231,Onward,2020,"Animation, Comedy, Adventure","158,281",7.4
"1,709",284,Sonic the Hedgehog,2020,"Animation, Comedy, Action, Adventure","148,667",6.5
"2,351",161,Demon Slayer the Movie: Mugen Train,2020,"Animation, Action, Adventure","64,898",8.2
"3,807",82,The Croods: A New Age,2020,"Animation, Comedy, Adventure","48,285",6.9
"3,838",66,Wolfwalkers,2020,"Animation, Action, Family, Adventure","35,352",8.0
"6,205",44,Demon Slayer: Kimetsu no Yaiba - Mt. Natagumo Arc,2020,"Animation, Action, Fantasy","13,605",8.8
"6,349",16,Mortal Kombat Legends: Scorpion's Revenge,2020,"Animation, Action, Adventure","18,537",7.4
"6,633",41,Trolls World Tour,2020,"Animation, Comedy, Adventure","25,406",6.1
"6,637",23,Over the Moon,2020,"Animation, Comedy, Adventure","23,786",6.3
"6,862",34,Scoob!,2020,"Animation, Comedy, Action, Adventure","28,453",5.6
"7,134",19,The Hater,2020,"Animation, Drama, Thriller","16,591",7.1
"7,141",29,The Willoughbys,2020,"Animation, Comedy, Family, Adventure","20,388",6.4
"7,411",4,Attack on Titan: Chronicle,2020,"Animation, Action, Adventure","11,075",8.4
"7,936",37,The SpongeBob Movie: Sponge on the Run,2020,"Animation, Comedy, Adventure","19,962",5.9
"8,784",38,Violet Evergarden: The Movie,2020,"Animation, Drama, Fantasy","8,449",8.3
"8,901",9,The One and Only Ivan,2020,"Animation, Comedy, Drama, Adventure","13,018",6.6
"9,141",44,A Whisker Away,2020,"Animation, Romance, Drama, Fantasy, Family, Adventure","12,015",6.7
"11,384",23,"Josee, the Tiger and the Fish",2020,"Animation, Romance, Drama","6,338",7.6
"12,682",25,Made in Abyss: Dawn of the Deep Soul,2020,"Animation, Drama, Fantasy, Family, Adventure","4,722",8.0
"12,872",7,Feels Good Man,2020,"Documentary, Animation, Comedy","5,230",7.5
"13,319",5,Altered Carbon: Resleeved,2020,"Animation, Action, Crime, Sci-fi","6,587",6.5
"14,064",10,Phineas and Ferb the Movie: Candace Against the Universe,2020,"Animation, Comedy, Action, Adventure","5,002",7.1
"14,192",12,Stand by Me Doraemon 2,2020,"Animation, Comedy, Action, Drama, Biography, Adventure","4,411",7.5
"14,313",12,Demon Slayer: Kimetsu no Yaiba - The Hashira Meeting Arc,2020,"Animation, Action, Fantasy","3,388",8.5
"15,238",11,Words Bubble Up Like Soda Pop,2020,"Animation, Romance, Drama, Music","4,716",6.8
"16,267",1,30 Years and 15 Minutes,2020,"Documentary, Animation","2,675",8.5
"18,275",4,Deathstroke: Knights & Dragons - The Movie,2020,"Animation, Action, Adventure","3,945",6.3
"19,140",6,Fate/stay night [Heaven's Feel] III. spring song,2020,"Animation, Action, Drama, Fantasy, Adventure","2,302",7.9
"20,812",8,Given,2020,"Animation, Drama, Music","2,099",7.7
"22,211",7,Josep,2020,"Animation, Drama, Biography","2,014",7.4
"22,386",10,The Stranger by the Beach,2020,"Animation, Romance, Drama","2,157",7.1
"22,472",6,Bigfoot Family,2020,"Animation, Family, Adventure","3,208",5.8
"23,951",3,Digimon Adventure: Last Evolution Kizuna,2020,"Animation, Action, Adventure","1,701",7.5
"24,327",4,Pokémon the Movie: Secrets of the Jungle,2020,"Animation, Action, Adventure","2,273",6.4
